clip_uid,play_id,filmroom_url,pitch_type,game_date,game_pk,at_bat_number,pitch_number,stand,p_throws,balls,strikes,release_speed,description,video_file
831482_ab29_p1,352cf680-4686-36bd-8a3e-f215d47493a7,"https://www.mlb.com/video/search?q=playid=""352cf680-4686-36bd-8a3e-f215d47493a7""",FF,2026-02-27,831482,29,1,R,R,0,0,93.3,ball,
831482_ab31_p1,3be2e98b-f7a7-346e-aff5-dd4558adb088,"https://www.mlb.com/video/search?q=playid=""3be2e98b-f7a7-346e-aff5-dd4558adb088""",FF,2026-02-27,831482,31,1,R,R,0,0,94.4,called_strike,
831434_ab58_p2,ab6e3a20-d68b-3b25-a22f-a052d537d283,"https://www.mlb.com/video/search?q=playid=""ab6e3a20-d68b-3b25-a22f-a052d537d283""",FF,2026-03-03,831434,58,2,R,R,1,0,92.5,called_strike,
831434_ab58_p3,d0372991-3743-37a1-b105-910126a73793,"https://www.mlb.com/video/search?q=playid=""d0372991-3743-37a1-b105-910126a73793""",FF,2026-03-03,831434,58,3,R,R,1,1,92.7,ball,
831434_ab59_p2,b2bd4127-3edb-3d17-a2de-1508fa87448f,"https://www.mlb.com/video/search?q=playid=""b2bd4127-3edb-3d17-a2de-1508fa87448f""",FF,2026-03-03,831434,59,2,R,R,1,0,92.6,foul,
831480_ab33_p2,abbbaf39-2e73-376b-a040-11d9ab928048,"https://www.mlb.com/video/search?q=playid=""abbbaf39-2e73-376b-a040-11d9ab928048""",FF,2026-03-06,831480,33,2,R,R,0,1,93.7,called_strike,
831480_ab34_p1,c4b14e39-4d4d-3345-a696-ac60aecb04c1,"https://www.mlb.com/video/search?q=playid=""c4b14e39-4d4d-3345-a696-ac60aecb04c1""",FF,2026-03-06,831480,34,1,R,R,0,0,92.2,foul,
831480_ab34_p2,8600e562-4f49-3dd4-aaa7-8323883393cf,"https://www.mlb.com/video/search?q=playid=""8600e562-4f49-3dd4-aaa7-8323883393cf""",FF,2026-03-06,831480,34,2,R,R,0,1,93.3,foul,
831480_ab35_p5,cfef7b91-7ed9-3656-8562-39a849617f78,"https://www.mlb.com/video/search?q=playid=""cfef7b91-7ed9-3656-8562-39a849617f78""",FF,2026-03-06,831480,35,5,R,R,3,1,94.4,foul,
831480_ab35_p6,ced8624d-8578-3aec-bc7b-40417ead01f3,"https://www.mlb.com/video/search?q=playid=""ced8624d-8578-3aec-bc7b-40417ead01f3""",FF,2026-03-06,831480,35,6,R,R,3,2,94.5,ball,
831480_ab36_p1,e041114a-dbd4-3c72-90f1-c7f32adc2d6f,"https://www.mlb.com/video/search?q=playid=""e041114a-dbd4-3c72-90f1-c7f32adc2d6f""",FF,2026-03-06,831480,36,1,R,R,0,0,93.2,ball,
831468_ab36_p1,2a4efe03-5241-3cba-812f-790ce7fb2958,"https://www.mlb.com/video/search?q=playid=""2a4efe03-5241-3cba-812f-790ce7fb2958""",FF,2026-03-09,831468,36,1,L,R,0,0,93.5,ball,
831468_ab36_p2,da0ef520-a62d-33a1-bb43-cc8cd60a7359,"https://www.mlb.com/video/search?q=playid=""da0ef520-a62d-33a1-bb43-cc8cd60a7359""",FF,2026-03-09,831468,36,2,L,R,1,0,94.5,called_strike,
831468_ab36_p5,355affbb-38ae-38e4-89d1-c74066c05f6f,"https://www.mlb.com/video/search?q=playid=""355affbb-38ae-38e4-89d1-c74066c05f6f""",FF,2026-03-09,831468,36,5,L,R,2,2,95,foul,
831468_ab36_p6,206704af-1ad2-3bb6-b5d5-d8052ee76487,"https://www.mlb.com/video/search?q=playid=""206704af-1ad2-3bb6-b5d5-d8052ee76487""",FF,2026-03-09,831468,36,6,L,R,2,2,95.7,ball,
831468_ab37_p1,0c48ff0e-41b9-32d3-b35d-ba4829109c4b,"https://www.mlb.com/video/search?q=playid=""0c48ff0e-41b9-32d3-b35d-ba4829109c4b""",FF,2026-03-09,831468,37,1,R,R,0,0,94.2,hit_into_play,
831468_ab38_p6,5246636b-1c4f-3573-85ce-ded22987c0c0,"https://www.mlb.com/video/search?q=playid=""5246636b-1c4f-3573-85ce-ded22987c0c0""",FF,2026-03-09,831468,38,6,R,R,2,2,94.2,ball,
831462_ab21_p1,1751aff1-9ae0-3a0e-a698-f55883cbaeca,"https://www.mlb.com/video/search?q=playid=""1751aff1-9ae0-3a0e-a698-f55883cbaeca""",FF,2026-03-13,831462,21,1,R,R,0,0,92.1,ball,
831462_ab21_p2,5a7297c9-e981-332e-b325-4d75c4e9a4bd,"https://www.mlb.com/video/search?q=playid=""5a7297c9-e981-332e-b325-4d75c4e9a4bd""",FF,2026-03-13,831462,21,2,R,R,1,0,92.7,called_strike,
831462_ab21_p4,d0938fc8-7667-33f8-96df-4570abe5c711,"https://www.mlb.com/video/search?q=playid=""d0938fc8-7667-33f8-96df-4570abe5c711""",FF,2026-03-13,831462,21,4,R,R,1,2,93.1,foul,
831462_ab22_p1,e5d2700c-cfa9-3693-8b97-ca6d1224c864,"https://www.mlb.com/video/search?q=playid=""e5d2700c-cfa9-3693-8b97-ca6d1224c864""",FF,2026-03-13,831462,22,1,R,R,0,0,93.4,called_strike,
831462_ab23_p4,bf4d0b10-a562-302e-99f7-7680187293dd,"https://www.mlb.com/video/search?q=playid=""bf4d0b10-a562-302e-99f7-7680187293dd""",FF,2026-03-13,831462,23,4,R,R,1,2,94.2,hit_into_play,
831462_ab24_p2,9de5e4a3-6d46-372e-aa08-dd69a63c6d2d,"https://www.mlb.com/video/search?q=playid=""9de5e4a3-6d46-372e-aa08-dd69a63c6d2d""",FF,2026-03-13,831462,24,2,L,R,0,1,93.1,ball,
831462_ab24_p4,30a03511-7d5e-3d89-8208-34d4bda05cfa,"https://www.mlb.com/video/search?q=playid=""30a03511-7d5e-3d89-8208-34d4bda05cfa""",FF,2026-03-13,831462,24,4,L,R,2,1,93.5,ball,
831462_ab25_p1,814cd7fd-2dfc-337c-ab49-201131140190,"https://www.mlb.com/video/search?q=playid=""814cd7fd-2dfc-337c-ab49-201131140190""",FF,2026-03-13,831462,25,1,R,R,0,0,91.8,swinging_strike,
831462_ab25_p5,5a2846ee-2a15-3fed-8205-4e0fd497590b,"https://www.mlb.com/video/search?q=playid=""5a2846ee-2a15-3fed-8205-4e0fd497590b""",FF,2026-03-13,831462,25,5,R,R,2,2,93.5,hit_into_play,
831457_ab40_p1,de8854a0-a9a2-34a8-afed-9ba5b956e315,"https://www.mlb.com/video/search?q=playid=""de8854a0-a9a2-34a8-afed-9ba5b956e315""",FF,2026-03-16,831457,40,1,R,R,0,0,92.6,ball,
831457_ab40_p7,0ad28a1c-33ed-33ee-b510-ca820146320f,"https://www.mlb.com/video/search?q=playid=""0ad28a1c-33ed-33ee-b510-ca820146320f""",FF,2026-03-16,831457,40,7,R,R,3,2,93.8,ball,
831457_ab42_p2,2b015ceb-7f90-305f-88fa-2c66c4d82631,"https://www.mlb.com/video/search?q=playid=""2b015ceb-7f90-305f-88fa-2c66c4d82631""",FF,2026-03-16,831457,42,2,R,R,0,1,93,foul,
831457_ab43_p3,bbbdb39b-e9d1-34ca-8417-b75bbd9eb8e9,"https://www.mlb.com/video/search?q=playid=""bbbdb39b-e9d1-34ca-8417-b75bbd9eb8e9""",FF,2026-03-16,831457,43,3,L,R,0,2,93.9,ball,
831457_ab43_p4,41fab91c-7d14-395e-84b1-77a9ed7dc8fa,"https://www.mlb.com/video/search?q=playid=""41fab91c-7d14-395e-84b1-77a9ed7dc8fa""",FF,2026-03-16,831457,43,4,L,R,1,2,94.1,ball,
823651_ab65_p1,18123d68-18ac-3f2d-9875-7f91ec73ee2b,"https://www.mlb.com/video/search?q=playid=""18123d68-18ac-3f2d-9875-7f91ec73ee2b""",FF,2026-03-28,823651,65,1,L,R,0,0,92.2,foul,
823651_ab65_p3,6b5e876c-c343-38f0-a258-a98cdfd8726d,"https://www.mlb.com/video/search?q=playid=""6b5e876c-c343-38f0-a258-a98cdfd8726d""",FF,2026-03-28,823651,65,3,L,R,1,1,93.9,called_strike,
823651_ab65_p4,6708502a-f833-3b02-8f32-97dd667a00d0,"https://www.mlb.com/video/search?q=playid=""6708502a-f833-3b02-8f32-97dd667a00d0""",FF,2026-03-28,823651,65,4,L,R,1,2,93.1,swinging_strike,
823651_ab66_p1,cce524e5-96b0-3ab5-9a40-31a7afff1e95,"https://www.mlb.com/video/search?q=playid=""cce524e5-96b0-3ab5-9a40-31a7afff1e95""",FF,2026-03-28,823651,66,1,L,R,0,0,93.5,hit_into_play,
823651_ab67_p3,56e8df76-8b26-3dd0-abdb-837399bdf25e,"https://www.mlb.com/video/search?q=playid=""56e8df76-8b26-3dd0-abdb-837399bdf25e""",FF,2026-03-28,823651,67,3,R,R,1,1,92,ball,
823651_ab68_p1,6a916902-85b3-364e-b865-3929d672c27b,"https://www.mlb.com/video/search?q=playid=""6a916902-85b3-364e-b865-3929d672c27b""",FF,2026-03-28,823651,68,1,L,R,0,0,93.1,called_strike,
823651_ab68_p5,1df2c00a-1dd6-37ff-9452-2f9500ccaf20,"https://www.mlb.com/video/search?q=playid=""1df2c00a-1dd6-37ff-9452-2f9500ccaf20""",FF,2026-03-28,823651,68,5,L,R,2,2,93.4,ball,
823651_ab69_p1,d067852f-c553-37df-9fa1-58e97778843b,"https://www.mlb.com/video/search?q=playid=""d067852f-c553-37df-9fa1-58e97778843b""",FF,2026-03-28,823651,69,1,L,R,0,0,93.1,called_strike,
823651_ab69_p2,56830e2b-fd23-3f8d-b978-e3b9c15e1590,"https://www.mlb.com/video/search?q=playid=""56830e2b-fd23-3f8d-b978-e3b9c15e1590""",FF,2026-03-28,823651,69,2,L,R,0,1,92.5,foul,
823651_ab69_p4,9dcb6e42-9550-3b66-9189-0cd5c1082739,"https://www.mlb.com/video/search?q=playid=""9dcb6e42-9550-3b66-9189-0cd5c1082739""",FF,2026-03-28,823651,69,4,L,R,1,2,93.1,swinging_strike,
823080_ab74_p1,83da5e04-f058-3b0f-b4e7-0de2bffd148e,"https://www.mlb.com/video/search?q=playid=""83da5e04-f058-3b0f-b4e7-0de2bffd148e""",FF,2026-03-30,823080,74,1,L,R,0,0,94.5,ball,
823080_ab74_p2,260ea741-f85a-3271-85bd-3280f5cac991,"https://www.mlb.com/video/search?q=playid=""260ea741-f85a-3271-85bd-3280f5cac991""",FF,2026-03-30,823080,74,2,L,R,1,0,93.6,called_strike,
823080_ab75_p2,6e1e5b21-cb99-3938-9f0f-efd8501be386,"https://www.mlb.com/video/search?q=playid=""6e1e5b21-cb99-3938-9f0f-efd8501be386""",FF,2026-03-30,823080,75,2,R,R,0,1,93.1,swinging_strike,
823080_ab75_p4,2f706c7a-c9b4-3d7b-9bae-09da983ed786,"https://www.mlb.com/video/search?q=playid=""2f706c7a-c9b4-3d7b-9bae-09da983ed786""",FF,2026-03-30,823080,75,4,R,R,1,2,94.5,hit_into_play,
823080_ab76_p1,820879af-0d68-3a9a-89c5-74c7fc9090de,"https://www.mlb.com/video/search?q=playid=""820879af-0d68-3a9a-89c5-74c7fc9090de""",FF,2026-03-30,823080,76,1,L,R,0,0,93.7,called_strike,
823080_ab76_p3,215712fa-9e65-348c-92f4-d78f27c8f37b,"https://www.mlb.com/video/search?q=playid=""215712fa-9e65-348c-92f4-d78f27c8f37b""",FF,2026-03-30,823080,76,3,L,R,0,2,95.1,foul,
823078_ab65_p1,f133af20-fd3d-3ff8-b76b-2a3f9cca63dc,"https://www.mlb.com/video/search?q=playid=""f133af20-fd3d-3ff8-b76b-2a3f9cca63dc""",FF,2026-04-01,823078,65,1,R,R,0,0,92.4,ball,
823078_ab65_p3,fb2b2070-50ad-3afa-aa94-359d3f553177,"https://www.mlb.com/video/search?q=playid=""fb2b2070-50ad-3afa-aa94-359d3f553177""",FF,2026-04-01,823078,65,3,R,R,2,0,92.5,ball,
823078_ab65_p4,c7048980-b7a7-31fa-9a2b-cb3493c1db75,"https://www.mlb.com/video/search?q=playid=""c7048980-b7a7-31fa-9a2b-cb3493c1db75""",FF,2026-04-01,823078,65,4,R,R,3,0,91.5,ball,
823078_ab66_p2,d41a62a8-67eb-3ac7-ba50-f10a75d79473,"https://www.mlb.com/video/search?q=playid=""d41a62a8-67eb-3ac7-ba50-f10a75d79473""",FF,2026-04-01,823078,66,2,L,R,0,1,94.5,ball,
823078_ab66_p3,7a6b07da-85f6-3a33-8807-54535628482d,"https://www.mlb.com/video/search?q=playid=""7a6b07da-85f6-3a33-8807-54535628482d""",FF,2026-04-01,823078,66,3,L,R,1,1,93,ball,
823078_ab66_p6,4e973340-90dd-3754-90f1-f5ddbafbcc86,"https://www.mlb.com/video/search?q=playid=""4e973340-90dd-3754-90f1-f5ddbafbcc86""",FF,2026-04-01,823078,66,6,L,R,3,2,93.9,hit_into_play,
823078_ab67_p1,cfcfb9cb-5a2f-31e6-add1-54001bd8e162,"https://www.mlb.com/video/search?q=playid=""cfcfb9cb-5a2f-31e6-add1-54001bd8e162""",FF,2026-04-01,823078,67,1,R,R,0,0,93,ball,
823078_ab67_p4,b3dd0a7d-7660-3b16-8587-e8f1c98886be,"https://www.mlb.com/video/search?q=playid=""b3dd0a7d-7660-3b16-8587-e8f1c98886be""",FF,2026-04-01,823078,67,4,R,R,2,1,93.1,called_strike,
823078_ab68_p2,eb3d8785-88d7-3878-8277-443d5b9ceb76,"https://www.mlb.com/video/search?q=playid=""eb3d8785-88d7-3878-8277-443d5b9ceb76""",FF,2026-04-01,823078,68,2,R,R,0,1,93.7,foul,
823238_ab71_p1,3a7c77a5-6c14-3842-b6ad-df78dcd33e5f,"https://www.mlb.com/video/search?q=playid=""3a7c77a5-6c14-3842-b6ad-df78dcd33e5f""",FF,2026-04-05,823238,71,1,R,R,0,0,92.5,called_strike,
823238_ab71_p2,32893fe0-a143-3ecc-8826-5c1dfe086be6,"https://www.mlb.com/video/search?q=playid=""32893fe0-a143-3ecc-8826-5c1dfe086be6""",FF,2026-04-05,823238,71,2,R,R,0,1,93.6,called_strike,
823238_ab71_p3,004692df-b651-33b3-b511-d70451579eaa,"https://www.mlb.com/video/search?q=playid=""004692df-b651-33b3-b511-d70451579eaa""",FF,2026-04-05,823238,71,3,R,R,0,2,94.2,ball,
823238_ab71_p6,bcc23982-0cad-33df-a077-3eb14b1c567b,"https://www.mlb.com/video/search?q=playid=""bcc23982-0cad-33df-a077-3eb14b1c567b""",FF,2026-04-05,823238,71,6,R,R,2,2,93.8,foul,
823238_ab72_p1,7da07ad5-8fe9-3bc0-8680-a40acae5cb82,"https://www.mlb.com/video/search?q=playid=""7da07ad5-8fe9-3bc0-8680-a40acae5cb82""",FF,2026-04-05,823238,72,1,L,R,0,0,93.9,ball,
823238_ab72_p2,2c1e75e6-3779-3011-9b3b-a49588292960,"https://www.mlb.com/video/search?q=playid=""2c1e75e6-3779-3011-9b3b-a49588292960""",FF,2026-04-05,823238,72,2,L,R,1,0,93.7,swinging_strike,
823238_ab72_p3,a9c125be-d05e-3a9a-af60-ec72109f0c0c,"https://www.mlb.com/video/search?q=playid=""a9c125be-d05e-3a9a-af60-ec72109f0c0c""",FF,2026-04-05,823238,72,3,L,R,1,1,93.3,ball,
823238_ab72_p4,376ce328-f077-3b32-bbe0-5c58e1aa81da,"https://www.mlb.com/video/search?q=playid=""376ce328-f077-3b32-bbe0-5c58e1aa81da""",FF,2026-04-05,823238,72,4,L,R,2,1,93.4,swinging_strike,
823238_ab72_p5,0c9c6a19-bfd6-3fd7-a20f-d116847ccb52,"https://www.mlb.com/video/search?q=playid=""0c9c6a19-bfd6-3fd7-a20f-d116847ccb52""",FF,2026-04-05,823238,72,5,L,R,2,2,93.9,hit_into_play,
823238_ab73_p2,ed2dd94b-74b8-3455-90e1-ee8a0a60fd36,"https://www.mlb.com/video/search?q=playid=""ed2dd94b-74b8-3455-90e1-ee8a0a60fd36""",FF,2026-04-05,823238,73,2,R,R,1,0,91.3,hit_into_play,
823238_ab74_p1,8d8e46a0-f05e-347c-9f6c-639aa6876975,"https://www.mlb.com/video/search?q=playid=""8d8e46a0-f05e-347c-9f6c-639aa6876975""",FF,2026-04-05,823238,74,1,L,R,0,0,93.7,ball,
823238_ab74_p2,ec500b3b-7957-3105-8cc6-d45b8ff192af,"https://www.mlb.com/video/search?q=playid=""ec500b3b-7957-3105-8cc6-d45b8ff192af""",FF,2026-04-05,823238,74,2,L,R,1,0,92,called_strike,
823238_ab74_p3,d5d308c3-d3bf-32a3-9a73-32e6876f392a,"https://www.mlb.com/video/search?q=playid=""d5d308c3-d3bf-32a3-9a73-32e6876f392a""",FF,2026-04-05,823238,74,3,L,R,1,1,92.1,ball,
823238_ab74_p4,1ce7dbda-0c9b-3ba2-8608-b9907b814f23,"https://www.mlb.com/video/search?q=playid=""1ce7dbda-0c9b-3ba2-8608-b9907b814f23""",FF,2026-04-05,823238,74,4,L,R,2,1,92.4,foul,
823238_ab74_p7,869417e8-d8f2-3338-ad5c-d0d5f66929ed,"https://www.mlb.com/video/search?q=playid=""869417e8-d8f2-3338-ad5c-d0d5f66929ed""",FF,2026-04-05,823238,74,7,L,R,3,2,93.2,foul_tip,
823648_ab71_p2,dd335b51-99d7-3575-ad68-f8b235024686,"https://www.mlb.com/video/search?q=playid=""dd335b51-99d7-3575-ad68-f8b235024686""",FF,2026-04-07,823648,71,2,L,R,0,1,94.7,foul,
823648_ab72_p3,f0c44329-3bb3-3974-92b0-ee678d830d80,"https://www.mlb.com/video/search?q=playid=""f0c44329-3bb3-3974-92b0-ee678d830d80""",FF,2026-04-07,823648,72,3,L,R,0,2,93.9,swinging_strike,
823648_ab73_p1,77d4be9c-e392-36b8-9464-c70a17c39a0d,"https://www.mlb.com/video/search?q=playid=""77d4be9c-e392-36b8-9464-c70a17c39a0d""",FF,2026-04-07,823648,73,1,L,R,0,0,93.1,foul,
823648_ab74_p1,1524a0ff-6666-3e08-b254-6178916183ea,"https://www.mlb.com/video/search?q=playid=""1524a0ff-6666-3e08-b254-6178916183ea""",FF,2026-04-07,823648,74,1,R,R,0,0,93.1,ball,
823648_ab75_p1,6eaf64ca-5f9d-348e-80ad-9f22922d76aa,"https://www.mlb.com/video/search?q=playid=""6eaf64ca-5f9d-348e-80ad-9f22922d76aa""",FF,2026-04-07,823648,75,1,L,R,0,0,92.3,called_strike,
823648_ab75_p2,73341953-293c-3ecf-97f5-9d56c6dc9373,"https://www.mlb.com/video/search?q=playid=""73341953-293c-3ecf-97f5-9d56c6dc9373""",FF,2026-04-07,823648,75,2,L,R,0,1,93.4,swinging_strike,
823648_ab75_p3,465aafcf-a476-354c-999b-2854206f02a1,"https://www.mlb.com/video/search?q=playid=""465aafcf-a476-354c-999b-2854206f02a1""",FF,2026-04-07,823648,75,3,L,R,0,2,93.8,swinging_strike,
823963_ab60_p3,b717c932-3fa8-3e9f-85f3-2e3bcabf5c9f,"https://www.mlb.com/video/search?q=playid=""b717c932-3fa8-3e9f-85f3-2e3bcabf5c9f""",FF,2026-04-15,823963,60,3,R,R,1,1,95,called_strike,
823963_ab60_p4,4a72f9ac-984d-35ec-abbc-ff863dc98470,"https://www.mlb.com/video/search?q=playid=""4a72f9ac-984d-35ec-abbc-ff863dc98470""",FF,2026-04-15,823963,60,4,R,R,1,2,94.1,ball,
823963_ab61_p1,8bb41e74-e212-3f2b-a1a5-c9e913e6995e,"https://www.mlb.com/video/search?q=playid=""8bb41e74-e212-3f2b-a1a5-c9e913e6995e""",FF,2026-04-15,823963,61,1,L,R,0,0,93.7,ball,
823963_ab61_p2,4aebf523-fc93-3daa-a1d5-e44488607f1a,"https://www.mlb.com/video/search?q=playid=""4aebf523-fc93-3daa-a1d5-e44488607f1a""",FF,2026-04-15,823963,61,2,L,R,1,0,94.7,ball,
823963_ab61_p4,005afe99-993f-371b-ae73-e65fd36610dd,"https://www.mlb.com/video/search?q=playid=""005afe99-993f-371b-ae73-e65fd36610dd""",FF,2026-04-15,823963,61,4,L,R,3,0,93.1,ball,
823963_ab62_p1,9f13f437-5390-3965-ada9-c87ba687b216,"https://www.mlb.com/video/search?q=playid=""9f13f437-5390-3965-ada9-c87ba687b216""",FF,2026-04-15,823963,62,1,R,R,0,0,92.1,called_strike,
823963_ab64_p1,07146b29-dba4-3ee9-ad10-502f4dcbfca0,"https://www.mlb.com/video/search?q=playid=""07146b29-dba4-3ee9-ad10-502f4dcbfca0""",FF,2026-04-15,823963,64,1,L,R,0,0,94.5,called_strike,
823963_ab64_p2,1e9d08f8-3521-3286-9a80-15a02fe840a2,"https://www.mlb.com/video/search?q=playid=""1e9d08f8-3521-3286-9a80-15a02fe840a2""",FF,2026-04-15,823963,64,2,L,R,0,1,93.8,foul,
823963_ab64_p3,ceb3e4bf-aaad-39b3-837b-538ea091de62,"https://www.mlb.com/video/search?q=playid=""ceb3e4bf-aaad-39b3-837b-538ea091de62""",FF,2026-04-15,823963,64,3,L,R,0,2,93.5,ball,
824691_ab64_p1,018ffcc9-3afb-3e14-97cc-3603fb08a4ea,"https://www.mlb.com/video/search?q=playid=""018ffcc9-3afb-3e14-97cc-3603fb08a4ea""",FF,2026-04-19,824691,64,1,L,R,0,0,95.6,ball,
824691_ab64_p2,58aca3f6-0b32-3293-92e5-2b64cc9599aa,"https://www.mlb.com/video/search?q=playid=""58aca3f6-0b32-3293-92e5-2b64cc9599aa""",FF,2026-04-19,824691,64,2,L,R,1,0,93.3,called_strike,
824691_ab65_p1,1b55434c-b2ba-3971-8cca-8e1bb441f696,"https://www.mlb.com/video/search?q=playid=""1b55434c-b2ba-3971-8cca-8e1bb441f696""",FF,2026-04-19,824691,65,1,R,R,0,0,93.7,foul,
824691_ab65_p2,be04737f-c4e7-3fbc-bc61-f4e3bd2d4a3d,"https://www.mlb.com/video/search?q=playid=""be04737f-c4e7-3fbc-bc61-f4e3bd2d4a3d""",FF,2026-04-19,824691,65,2,R,R,0,1,94.3,called_strike,
824691_ab65_p3,071479c3-30d7-339d-96a3-c5bf36204509,"https://www.mlb.com/video/search?q=playid=""071479c3-30d7-339d-96a3-c5bf36204509""",FF,2026-04-19,824691,65,3,R,R,0,2,94.1,swinging_strike,
824691_ab66_p1,cf0a3c2e-6296-3136-89d2-f3638066357b,"https://www.mlb.com/video/search?q=playid=""cf0a3c2e-6296-3136-89d2-f3638066357b""",FF,2026-04-19,824691,66,1,L,R,0,0,94.1,hit_into_play,
824691_ab67_p1,0c8dd20b-9386-311d-8759-5675f998bc63,"https://www.mlb.com/video/search?q=playid=""0c8dd20b-9386-311d-8759-5675f998bc63""",FF,2026-04-19,824691,67,1,R,R,0,0,94.4,called_strike,
824691_ab67_p4,30009185-2d86-3c32-80e6-e2c79c994522,"https://www.mlb.com/video/search?q=playid=""30009185-2d86-3c32-80e6-e2c79c994522""",FF,2026-04-19,824691,67,4,R,R,1,2,93.4,swinging_strike,
824691_ab68_p4,75f7b097-3590-3647-b9f1-d20337a9f320,"https://www.mlb.com/video/search?q=playid=""75f7b097-3590-3647-b9f1-d20337a9f320""",FF,2026-04-19,824691,68,4,L,R,1,2,94.3,foul,
823640_ab61_p1,d5bbcc68-6c47-30b0-8135-2ef8f3321de4,"https://www.mlb.com/video/search?q=playid=""d5bbcc68-6c47-30b0-8135-2ef8f3321de4""",FF,2026-04-21,823640,61,1,L,R,0,0,92.3,ball,
823640_ab61_p2,31e20c58-4deb-34e5-9445-a71f431111d0,"https://www.mlb.com/video/search?q=playid=""31e20c58-4deb-34e5-9445-a71f431111d0""",FF,2026-04-21,823640,61,2,L,R,1,0,94.5,ball,
823640_ab61_p4,c866ede8-a329-3ce9-a3f6-87fcea6a09ee,"https://www.mlb.com/video/search?q=playid=""c866ede8-a329-3ce9-a3f6-87fcea6a09ee""",FF,2026-04-21,823640,61,4,L,R,3,0,93.5,ball,
823640_ab62_p1,d232cbe9-6275-304f-8c55-ecb098c894b8,"https://www.mlb.com/video/search?q=playid=""d232cbe9-6275-304f-8c55-ecb098c894b8""",FF,2026-04-21,823640,62,1,R,R,0,0,92.8,called_strike,
823640_ab62_p2,43e3a137-b125-3981-90cf-07f3ce34b4f0,"https://www.mlb.com/video/search?q=playid=""43e3a137-b125-3981-90cf-07f3ce34b4f0""",FF,2026-04-21,823640,62,2,R,R,0,1,92.7,ball,
823640_ab62_p3,622fa74c-e22b-323c-b4d1-ce640244540b,"https://www.mlb.com/video/search?q=playid=""622fa74c-e22b-323c-b4d1-ce640244540b""",FF,2026-04-21,823640,62,3,R,R,1,1,93.4,foul,
823640_ab63_p1,e12b4b69-bc8d-3538-a2ee-f5c982b351e5,"https://www.mlb.com/video/search?q=playid=""e12b4b69-bc8d-3538-a2ee-f5c982b351e5""",FF,2026-04-21,823640,63,1,L,R,0,0,91.5,hit_into_play,
823640_ab64_p2,c3b03b6e-3915-3f1b-98e0-229e174654c4,"https://www.mlb.com/video/search?q=playid=""c3b03b6e-3915-3f1b-98e0-229e174654c4""",FF,2026-04-21,823640,64,2,R,R,0,1,92.2,hit_into_play,
823640_ab65_p1,be2be728-b46d-374f-bfdf-846af3a453ad,"https://www.mlb.com/video/search?q=playid=""be2be728-b46d-374f-bfdf-846af3a453ad""",FF,2026-04-21,823640,65,1,L,R,0,0,93.7,ball,
823640_ab65_p3,356c493c-516a-3b75-a914-504e8e3e5e96,"https://www.mlb.com/video/search?q=playid=""356c493c-516a-3b75-a914-504e8e3e5e96""",FF,2026-04-21,823640,65,3,L,R,2,0,93.8,swinging_strike,
823640_ab65_p4,66922a2a-980e-3ad1-a4f8-df7f8d240105,"https://www.mlb.com/video/search?q=playid=""66922a2a-980e-3ad1-a4f8-df7f8d240105""",FF,2026-04-21,823640,65,4,L,R,2,1,94.2,foul,
823640_ab65_p5,80bea399-23ad-39ec-acc2-80af7f275757,"https://www.mlb.com/video/search?q=playid=""80bea399-23ad-39ec-acc2-80af7f275757""",FF,2026-04-21,823640,65,5,L,R,2,2,92.9,foul,
823640_ab65_p7,76be26e3-6bdc-3df7-bf08-bdad528119d4,"https://www.mlb.com/video/search?q=playid=""76be26e3-6bdc-3df7-bf08-bdad528119d4""",FF,2026-04-21,823640,65,7,L,R,3,2,95,foul,
823639_ab81_p1,b8bbef41-24e6-305c-8359-048c3cbc5170,"https://www.mlb.com/video/search?q=playid=""b8bbef41-24e6-305c-8359-048c3cbc5170""",FF,2026-04-23,823639,81,1,R,R,0,0,92.6,ball,
823639_ab81_p2,b14b1192-c398-37c5-815a-41e0e574ac01,"https://www.mlb.com/video/search?q=playid=""b14b1192-c398-37c5-815a-41e0e574ac01""",FF,2026-04-23,823639,81,2,R,R,1,0,92.6,called_strike,
823639_ab82_p5,5d168f99-a588-3031-aee3-d89feb886fb3,"https://www.mlb.com/video/search?q=playid=""5d168f99-a588-3031-aee3-d89feb886fb3""",FF,2026-04-23,823639,82,5,L,R,2,2,94.3,ball,
823639_ab82_p6,9885f1bf-8723-3609-a46a-c1618f2cf2f5,"https://www.mlb.com/video/search?q=playid=""9885f1bf-8723-3609-a46a-c1618f2cf2f5""",FF,2026-04-23,823639,82,6,L,R,3,2,95.4,foul,
823639_ab83_p1,6c836036-9ce0-3214-8fdd-2cbd198ac9e7,"https://www.mlb.com/video/search?q=playid=""6c836036-9ce0-3214-8fdd-2cbd198ac9e7""",FF,2026-04-23,823639,83,1,L,R,0,0,94.9,ball,
823639_ab83_p2,faf25c0f-6582-3369-acad-394a42ac6c0d,"https://www.mlb.com/video/search?q=playid=""faf25c0f-6582-3369-acad-394a42ac6c0d""",FF,2026-04-23,823639,83,2,L,R,1,0,93.5,called_strike,
823639_ab83_p3,e8a0d6b5-18dc-325a-a696-556f41a0220f,"https://www.mlb.com/video/search?q=playid=""e8a0d6b5-18dc-325a-a696-556f41a0220f""",FF,2026-04-23,823639,83,3,L,R,1,1,93.4,foul_tip,
823639_ab83_p4,3e16f08f-a461-321f-87dd-12ea24a9d55b,"https://www.mlb.com/video/search?q=playid=""3e16f08f-a461-321f-87dd-12ea24a9d55b""",FF,2026-04-23,823639,83,4,L,R,1,2,93.8,hit_into_play,
823639_ab84_p1,ebae7648-a3af-3123-a696-5eeabed551f9,"https://www.mlb.com/video/search?q=playid=""ebae7648-a3af-3123-a696-5eeabed551f9""",FF,2026-04-23,823639,84,1,R,R,0,0,93.4,ball,
823639_ab85_p3,cd19e277-c189-355c-b6f1-b687fd52b5bf,"https://www.mlb.com/video/search?q=playid=""cd19e277-c189-355c-b6f1-b687fd52b5bf""",FF,2026-04-23,823639,85,3,L,R,1,1,93.9,ball,
823637_ab65_p1,dfac2d18-d021-3f96-a380-18f70fda3688,"https://www.mlb.com/video/search?q=playid=""dfac2d18-d021-3f96-a380-18f70fda3688""",FF,2026-04-26,823637,65,1,R,R,0,0,91.1,foul,
823637_ab65_p4,8a45e98a-58f2-37e8-80a8-9f28ba829ca2,"https://www.mlb.com/video/search?q=playid=""8a45e98a-58f2-37e8-80a8-9f28ba829ca2""",FF,2026-04-26,823637,65,4,R,R,1,2,93.1,ball,
823637_ab66_p1,8e0bc8b0-5dfb-3730-8df8-3f0c5414f5ae,"https://www.mlb.com/video/search?q=playid=""8e0bc8b0-5dfb-3730-8df8-3f0c5414f5ae""",FF,2026-04-26,823637,66,1,R,R,0,0,93.2,foul_bunt,
823637_ab66_p3,2c49242c-ff4e-313f-854e-e45b77f50e7e,"https://www.mlb.com/video/search?q=playid=""2c49242c-ff4e-313f-854e-e45b77f50e7e""",FF,2026-04-26,823637,66,3,R,R,1,1,92.8,swinging_strike,
823637_ab66_p4,8c6bd1f6-8ad8-3adf-9fd0-1d680f682adc,"https://www.mlb.com/video/search?q=playid=""8c6bd1f6-8ad8-3adf-9fd0-1d680f682adc""",FF,2026-04-26,823637,66,4,R,R,1,2,92.9,foul,
823637_ab67_p2,f3d6e087-ee42-3539-a656-64ddb566ecb5,"https://www.mlb.com/video/search?q=playid=""f3d6e087-ee42-3539-a656-64ddb566ecb5""",FF,2026-04-26,823637,67,2,L,R,1,0,93.2,foul,
823634_ab66_p1,a1266e4d-e4a7-35c3-aa54-9fb4aac75bbb,"https://www.mlb.com/video/search?q=playid=""a1266e4d-e4a7-35c3-aa54-9fb4aac75bbb""",FF,2026-04-30,823634,66,1,L,R,0,0,92.8,ball,
823634_ab66_p2,bbb5b625-2a13-30f2-9096-3d6d4858d533,"https://www.mlb.com/video/search?q=playid=""bbb5b625-2a13-30f2-9096-3d6d4858d533""",FF,2026-04-30,823634,66,2,L,R,1,0,92.9,foul,
823634_ab67_p1,585baf31-6fca-3dbe-b3ad-4dbc1b1c8b69,"https://www.mlb.com/video/search?q=playid=""585baf31-6fca-3dbe-b3ad-4dbc1b1c8b69""",FF,2026-04-30,823634,67,1,L,R,0,0,93.7,called_strike,
823634_ab67_p3,a177182a-f2d5-32bf-a6d2-9a4dccc7db3b,"https://www.mlb.com/video/search?q=playid=""a177182a-f2d5-32bf-a6d2-9a4dccc7db3b""",FF,2026-04-30,823634,67,3,L,R,1,1,93.7,called_strike,
823634_ab68_p4,260669a9-ef15-3418-9df2-95a2174a9403,"https://www.mlb.com/video/search?q=playid=""260669a9-ef15-3418-9df2-95a2174a9403""",FF,2026-04-30,823634,68,4,R,R,1,2,94.1,hit_into_play,
823634_ab69_p1,72b6b7ce-a718-3ad2-9f63-ea70a0785867,"https://www.mlb.com/video/search?q=playid=""72b6b7ce-a718-3ad2-9f63-ea70a0785867""",FF,2026-04-30,823634,69,1,L,R,0,0,94.6,ball,
823634_ab69_p2,30bd7e0c-52b7-351d-8c08-bac2e2d2d871,"https://www.mlb.com/video/search?q=playid=""30bd7e0c-52b7-351d-8c08-bac2e2d2d871""",FF,2026-04-30,823634,69,2,L,R,1,0,94.8,swinging_strike,
824041_ab65_p1,800b776c-ae75-3390-a080-667ab1fe24e3,"https://www.mlb.com/video/search?q=playid=""800b776c-ae75-3390-a080-667ab1fe24e3""",FF,2026-05-01,824041,65,1,R,R,0,0,92.1,ball,
824041_ab65_p2,aa271b12-0e45-34e8-90fa-956aaa0129f1,"https://www.mlb.com/video/search?q=playid=""aa271b12-0e45-34e8-90fa-956aaa0129f1""",FF,2026-05-01,824041,65,2,R,R,1,0,93,called_strike,
824041_ab65_p3,cbab636a-b416-36d5-a421-5b60465442cb,"https://www.mlb.com/video/search?q=playid=""cbab636a-b416-36d5-a421-5b60465442cb""",FF,2026-05-01,824041,65,3,R,R,1,1,93.8,ball,
824041_ab66_p1,7ea2cba0-08cb-3242-9792-49e0614bac8e,"https://www.mlb.com/video/search?q=playid=""7ea2cba0-08cb-3242-9792-49e0614bac8e""",FF,2026-05-01,824041,66,1,L,R,0,0,95.1,ball,
824041_ab66_p2,204783fb-d56c-30e4-8500-07400198c7f4,"https://www.mlb.com/video/search?q=playid=""204783fb-d56c-30e4-8500-07400198c7f4""",FF,2026-05-01,824041,66,2,L,R,1,0,96,ball,
824041_ab66_p4,2d7493bb-23fa-3d75-9226-f802a0313dd2,"https://www.mlb.com/video/search?q=playid=""2d7493bb-23fa-3d75-9226-f802a0313dd2""",FF,2026-05-01,824041,66,4,L,R,2,1,94.3,swinging_strike,
824041_ab66_p5,8f280114-77d1-397e-b889-40f3bdaec1b6,"https://www.mlb.com/video/search?q=playid=""8f280114-77d1-397e-b889-40f3bdaec1b6""",FF,2026-05-01,824041,66,5,L,R,2,2,94.9,swinging_strike,
824041_ab67_p2,f649bfc6-c7f9-3bbd-bad1-63579fd9c815,"https://www.mlb.com/video/search?q=playid=""f649bfc6-c7f9-3bbd-bad1-63579fd9c815""",FF,2026-05-01,824041,67,2,R,R,0,1,94.1,swinging_strike,
824363_ab63_p1,55c70f7e-c9a4-36b2-842b-df352486c484,"https://www.mlb.com/video/search?q=playid=""55c70f7e-c9a4-36b2-842b-df352486c484""",FF,2026-05-04,824363,63,1,R,R,0,0,92.4,called_strike,
824363_ab64_p1,f38dad2d-d091-3afc-be0f-354db680c1cf,"https://www.mlb.com/video/search?q=playid=""f38dad2d-d091-3afc-be0f-354db680c1cf""",FF,2026-05-04,824363,64,1,L,R,0,0,93.4,ball,
824363_ab64_p2,8edd5c24-65a2-3ca8-bc75-d26357983ad5,"https://www.mlb.com/video/search?q=playid=""8edd5c24-65a2-3ca8-bc75-d26357983ad5""",FF,2026-05-04,824363,64,2,L,R,1,0,91.7,hit_into_play,
824363_ab65_p2,20e25054-eb42-34ec-9f5b-0d9785a065fc,"https://www.mlb.com/video/search?q=playid=""20e25054-eb42-34ec-9f5b-0d9785a065fc""",FF,2026-05-04,824363,65,2,L,R,0,1,94.3,swinging_strike,
824363_ab65_p3,174727d6-753a-3e64-88b6-430844f57ea1,"https://www.mlb.com/video/search?q=playid=""174727d6-753a-3e64-88b6-430844f57ea1""",FF,2026-05-04,824363,65,3,L,R,0,2,93.9,foul,
824361_ab86_p1,61f2ba7d-6f6c-3162-87ad-e220fb34f77e,"https://www.mlb.com/video/search?q=playid=""61f2ba7d-6f6c-3162-87ad-e220fb34f77e""",FF,2026-05-06,824361,86,1,R,R,0,0,92.3,ball,
824361_ab86_p2,28eea6b3-a795-3048-ab9b-1862daf9c61d,"https://www.mlb.com/video/search?q=playid=""28eea6b3-a795-3048-ab9b-1862daf9c61d""",FF,2026-05-06,824361,86,2,R,R,1,0,91.4,called_strike,
824361_ab87_p2,50234cfc-841a-3c83-a6b6-afec58be538c,"https://www.mlb.com/video/search?q=playid=""50234cfc-841a-3c83-a6b6-afec58be538c""",FF,2026-05-06,824361,87,2,R,R,1,0,91.3,foul,
824361_ab87_p3,5f865d7c-50ce-38de-a0c5-f76e92243d4d,"https://www.mlb.com/video/search?q=playid=""5f865d7c-50ce-38de-a0c5-f76e92243d4d""",FF,2026-05-06,824361,87,3,R,R,1,1,91.6,foul,
824361_ab87_p5,9f0c1c39-a9fd-35a1-ad8f-764afa697f8c,"https://www.mlb.com/video/search?q=playid=""9f0c1c39-a9fd-35a1-ad8f-764afa697f8c""",FF,2026-05-06,824361,87,5,R,R,2,2,92.1,called_strike,
825088_ab63_p1,73cc8637-df38-38f7-910b-44a7b8be3142,"https://www.mlb.com/video/search?q=playid=""73cc8637-df38-38f7-910b-44a7b8be3142""",FF,2026-05-08,825088,63,1,R,R,0,0,93.8,ball,
825088_ab63_p2,969dcf5f-92e5-3fe0-a9e1-0c346f0f138a,"https://www.mlb.com/video/search?q=playid=""969dcf5f-92e5-3fe0-a9e1-0c346f0f138a""",FF,2026-05-08,825088,63,2,R,R,1,0,94.1,ball,
825088_ab63_p3,70afaa56-d76a-32a6-9fef-095a4e5a32c1,"https://www.mlb.com/video/search?q=playid=""70afaa56-d76a-32a6-9fef-095a4e5a32c1""",FF,2026-05-08,825088,63,3,R,R,2,0,94.3,hit_into_play,
825088_ab65_p1,f549595a-45bd-3d7e-9626-5865830fac80,"https://www.mlb.com/video/search?q=playid=""f549595a-45bd-3d7e-9626-5865830fac80""",FF,2026-05-08,825088,65,1,R,R,0,0,94.3,ball,
823631_ab69_p2,13df0612-74ed-3f8f-a1e9-d07f4b7e69c9,"https://www.mlb.com/video/search?q=playid=""13df0612-74ed-3f8f-a1e9-d07f4b7e69c9""",FF,2026-05-13,823631,69,2,L,R,0,1,94,ball,
823631_ab69_p4,a9ea773c-3140-306e-b585-356945604c9c,"https://www.mlb.com/video/search?q=playid=""a9ea773c-3140-306e-b585-356945604c9c""",FF,2026-05-13,823631,69,4,L,R,1,2,92.5,foul_tip,
823631_ab72_p1,2245fc06-913e-3aa9-970c-262d238c3394,"https://www.mlb.com/video/search?q=playid=""2245fc06-913e-3aa9-970c-262d238c3394""",FF,2026-05-13,823631,72,1,R,R,0,0,93.6,ball,
823627_ab75_p1,623cf717-6699-3ca7-a323-3e56ed5fe457,"https://www.mlb.com/video/search?q=playid=""623cf717-6699-3ca7-a323-3e56ed5fe457""",FF,2026-05-16,823627,75,1,L,R,0,0,93.2,ball,
823627_ab75_p2,f4aa37f2-3b97-327f-9cd5-afbfbd18bf47,"https://www.mlb.com/video/search?q=playid=""f4aa37f2-3b97-327f-9cd5-afbfbd18bf47""",FF,2026-05-16,823627,75,2,L,R,1,0,92.1,ball,
823627_ab75_p3,52335bd6-65ec-3c45-acf9-37bcbca158b2,"https://www.mlb.com/video/search?q=playid=""52335bd6-65ec-3c45-acf9-37bcbca158b2""",FF,2026-05-16,823627,75,3,L,R,2,0,94.1,foul_tip,
823627_ab75_p4,824369ae-f470-3470-903f-a4968f288389,"https://www.mlb.com/video/search?q=playid=""824369ae-f470-3470-903f-a4968f288389""",FF,2026-05-16,823627,75,4,L,R,2,1,93.7,ball,
823627_ab75_p5,8ecd7c1e-e842-3b46-b382-186f908bd52f,"https://www.mlb.com/video/search?q=playid=""8ecd7c1e-e842-3b46-b382-186f908bd52f""",FF,2026-05-16,823627,75,5,L,R,3,1,93.4,foul,
823627_ab75_p6,3770ebac-be6b-3c9b-b6a2-03300c80d545,"https://www.mlb.com/video/search?q=playid=""3770ebac-be6b-3c9b-b6a2-03300c80d545""",FF,2026-05-16,823627,75,6,L,R,3,2,94,swinging_strike,
823627_ab76_p3,95db4ed5-d6b2-3e54-8272-ea67da363a4b,"https://www.mlb.com/video/search?q=playid=""95db4ed5-d6b2-3e54-8272-ea67da363a4b""",FF,2026-05-16,823627,76,3,R,R,0,2,93.8,hit_into_play,
823627_ab77_p1,f67b68e1-cd61-3c03-a934-a1152a448143,"https://www.mlb.com/video/search?q=playid=""f67b68e1-cd61-3c03-a934-a1152a448143""",FF,2026-05-16,823627,77,1,L,R,0,0,93.9,called_strike,
823628_ab86_p1,cbb36291-1618-333d-9edf-78d356d7d5d3,"https://www.mlb.com/video/search?q=playid=""cbb36291-1618-333d-9edf-78d356d7d5d3""",FF,2026-05-17,823628,86,1,R,R,0,0,92.2,ball,
823628_ab86_p2,ea436dab-27ea-34c3-a7d6-6b443b90f4e1,"https://www.mlb.com/video/search?q=playid=""ea436dab-27ea-34c3-a7d6-6b443b90f4e1""",FF,2026-05-17,823628,86,2,R,R,1,0,92.8,ball,
823628_ab86_p3,ca952191-69af-33c3-9d33-891435cbcdb8,"https://www.mlb.com/video/search?q=playid=""ca952191-69af-33c3-9d33-891435cbcdb8""",FF,2026-05-17,823628,86,3,R,R,2,0,92.1,called_strike,
823628_ab86_p4,a58b7407-55c2-306a-b3ac-bc8c5aee9bd9,"https://www.mlb.com/video/search?q=playid=""a58b7407-55c2-306a-b3ac-bc8c5aee9bd9""",FF,2026-05-17,823628,86,4,R,R,2,1,92.8,called_strike,
823628_ab87_p1,eafb93c8-838d-3e08-a3b1-366422b11ab1,"https://www.mlb.com/video/search?q=playid=""eafb93c8-838d-3e08-a3b1-366422b11ab1""",FF,2026-05-17,823628,87,1,R,R,0,0,93.6,foul_tip,
823628_ab87_p2,387d4eab-fdb7-355f-a16c-c613c60ce605,"https://www.mlb.com/video/search?q=playid=""387d4eab-fdb7-355f-a16c-c613c60ce605""",FF,2026-05-17,823628,87,2,R,R,0,1,93.8,ball,
823628_ab87_p3,49c43f2f-4b60-3334-a830-233352d600f7,"https://www.mlb.com/video/search?q=playid=""49c43f2f-4b60-3334-a830-233352d600f7""",FF,2026-05-17,823628,87,3,R,R,1,1,93.8,ball,
823628_ab87_p4,95a548d9-df6b-3037-be1c-b67d1a9cb07a,"https://www.mlb.com/video/search?q=playid=""95a548d9-df6b-3037-be1c-b67d1a9cb07a""",FF,2026-05-17,823628,87,4,R,R,2,1,94,ball,
823628_ab87_p5,1a030d71-a049-34d1-b025-0fb3ec707f27,"https://www.mlb.com/video/search?q=playid=""1a030d71-a049-34d1-b025-0fb3ec707f27""",FF,2026-05-17,823628,87,5,R,R,3,1,94.7,swinging_strike,
823628_ab87_p6,313015e7-30d7-3b6c-8aeb-801e7f741b69,"https://www.mlb.com/video/search?q=playid=""313015e7-30d7-3b6c-8aeb-801e7f741b69""",FF,2026-05-17,823628,87,6,R,R,3,2,93.8,ball,
823628_ab88_p1,a40dca08-b017-3f16-9762-6bf41a6c0992,"https://www.mlb.com/video/search?q=playid=""a40dca08-b017-3f16-9762-6bf41a6c0992""",FF,2026-05-17,823628,88,1,L,R,0,0,94.3,hit_into_play,
822733_ab71_p1,28aefd16-d91b-3734-adef-bfbe22108c90,"https://www.mlb.com/video/search?q=playid=""28aefd16-d91b-3734-adef-bfbe22108c90""",FF,2026-05-21,822733,71,1,L,R,0,0,95.6,foul,
822733_ab72_p1,f8165670-28c1-3207-86d3-50a1ac6b9cd6,"https://www.mlb.com/video/search?q=playid=""f8165670-28c1-3207-86d3-50a1ac6b9cd6""",FF,2026-05-21,822733,72,1,L,R,0,0,95.9,foul,
822733_ab72_p2,779b4ff0-6a4c-3bbf-b3a2-35adf2ac212b,"https://www.mlb.com/video/search?q=playid=""779b4ff0-6a4c-3bbf-b3a2-35adf2ac212b""",FF,2026-05-21,822733,72,2,L,R,0,1,96,called_strike,
822733_ab72_p3,b83f2c2f-2263-3dbe-82f7-a6dffd3d6f96,"https://www.mlb.com/video/search?q=playid=""b83f2c2f-2263-3dbe-82f7-a6dffd3d6f96""",FF,2026-05-21,822733,72,3,L,R,0,2,96.3,hit_into_play,
822733_ab73_p3,3794748c-a389-31b8-9000-61baac4abe0e,"https://www.mlb.com/video/search?q=playid=""3794748c-a389-31b8-9000-61baac4abe0e""",FF,2026-05-21,822733,73,3,L,R,1,1,94.9,ball,
823861_ab72_p1,cec322e2-2fc8-3252-9d22-0d3a8c64937a,"https://www.mlb.com/video/search?q=playid=""cec322e2-2fc8-3252-9d22-0d3a8c64937a""",FF,2026-05-24,823861,72,1,R,R,0,0,92.7,ball,
823861_ab72_p3,471385ae-d0f2-338c-8d67-934ef3531c4f,"https://www.mlb.com/video/search?q=playid=""471385ae-d0f2-338c-8d67-934ef3531c4f""",FF,2026-05-24,823861,72,3,R,R,1,1,92.4,swinging_strike,
823861_ab72_p4,de28fd49-5125-39db-9ff3-cf1d0d1a09c5,"https://www.mlb.com/video/search?q=playid=""de28fd49-5125-39db-9ff3-cf1d0d1a09c5""",FF,2026-05-24,823861,72,4,R,R,1,2,93.6,ball,
823861_ab74_p2,1b07da9a-37b0-37f5-9e05-d8d33c8643df,"https://www.mlb.com/video/search?q=playid=""1b07da9a-37b0-37f5-9e05-d8d33c8643df""",FF,2026-05-24,823861,74,2,L,R,1,0,93.5,ball,
823861_ab74_p6,2eab24e6-c54f-309b-84df-eece1749741c,"https://www.mlb.com/video/search?q=playid=""2eab24e6-c54f-309b-84df-eece1749741c""",FF,2026-05-24,823861,74,6,L,R,3,2,93.3,ball,
823626_ab75_p1,997eb8ea-3122-310b-9164-62a2f80f703b,"https://www.mlb.com/video/search?q=playid=""997eb8ea-3122-310b-9164-62a2f80f703b""",FF,2026-05-27,823626,75,1,R,R,0,0,93.5,swinging_strike,
823626_ab75_p2,5462f8de-7185-3d66-974d-6aaed00669a9,"https://www.mlb.com/video/search?q=playid=""5462f8de-7185-3d66-974d-6aaed00669a9""",FF,2026-05-27,823626,75,2,R,R,0,1,94.7,ball,
823626_ab75_p3,7a8a441c-9500-3ae5-94b9-1d0c9a60ef5a,"https://www.mlb.com/video/search?q=playid=""7a8a441c-9500-3ae5-94b9-1d0c9a60ef5a""",FF,2026-05-27,823626,75,3,R,R,1,1,95,called_strike,
823626_ab75_p5,467ae63c-61af-314b-ac70-bc179e995826,"https://www.mlb.com/video/search?q=playid=""467ae63c-61af-314b-ac70-bc179e995826""",FF,2026-05-27,823626,75,5,R,R,2,2,94.2,ball,
823626_ab75_p6,59dbb197-90ae-30cf-90f3-631d330981f2,"https://www.mlb.com/video/search?q=playid=""59dbb197-90ae-30cf-90f3-631d330981f2""",FF,2026-05-27,823626,75,6,R,R,3,2,96,foul,
823626_ab75_p7,7996c044-bce6-3837-99ff-a17357b592e9,"https://www.mlb.com/video/search?q=playid=""7996c044-bce6-3837-99ff-a17357b592e9""",FF,2026-05-27,823626,75,7,R,R,3,2,95,ball,
823626_ab76_p3,5d39d236-75fc-3a78-b62b-6f6b92de3e94,"https://www.mlb.com/video/search?q=playid=""5d39d236-75fc-3a78-b62b-6f6b92de3e94""",FF,2026-05-27,823626,76,3,L,R,2,0,95.1,ball,
823626_ab76_p5,a100594b-e1e1-3493-aba4-d54a22ff2f7e,"https://www.mlb.com/video/search?q=playid=""a100594b-e1e1-3493-aba4-d54a22ff2f7e""",FF,2026-05-27,823626,76,5,L,R,3,1,93.9,foul,
823626_ab76_p6,64d243bf-be98-3b2c-8cbe-461c6b141a72,"https://www.mlb.com/video/search?q=playid=""64d243bf-be98-3b2c-8cbe-461c6b141a72""",FF,2026-05-27,823626,76,6,L,R,3,2,96,foul,
823626_ab76_p7,703cbcf5-bf62-3db0-966a-f957d810b866,"https://www.mlb.com/video/search?q=playid=""703cbcf5-bf62-3db0-966a-f957d810b866""",FF,2026-05-27,823626,76,7,L,R,3,2,94.7,foul,
823626_ab76_p8,9c864189-0f79-376f-a8e6-f3964c872632,"https://www.mlb.com/video/search?q=playid=""9c864189-0f79-376f-a8e6-f3964c872632""",FF,2026-05-27,823626,76,8,L,R,3,2,95,ball,
823626_ab77_p2,54290e68-cc8b-3add-b107-184722d5a9d2,"https://www.mlb.com/video/search?q=playid=""54290e68-cc8b-3add-b107-184722d5a9d2""",FF,2026-05-27,823626,77,2,R,R,0,1,95.3,foul,
823626_ab78_p2,3a370f79-a5f7-35de-a7f6-87a08bb94624,"https://www.mlb.com/video/search?q=playid=""3a370f79-a5f7-35de-a7f6-87a08bb94624""",FF,2026-05-27,823626,78,2,R,R,1,0,94.2,ball,
823626_ab78_p3,97c5407b-ce08-3f33-8dd9-40d9534c797b,"https://www.mlb.com/video/search?q=playid=""97c5407b-ce08-3f33-8dd9-40d9534c797b""",FF,2026-05-27,823626,78,3,R,R,2,0,93.3,called_strike,
823626_ab78_p8,487fbb08-c032-31b2-b25d-fd0cec4d04b5,"https://www.mlb.com/video/search?q=playid=""487fbb08-c032-31b2-b25d-fd0cec4d04b5""",FF,2026-05-27,823626,78,8,R,R,3,2,94.6,ball,
823626_ab79_p2,a20c70b2-1f7b-3bd8-b772-6eb85ce9230d,"https://www.mlb.com/video/search?q=playid=""a20c70b2-1f7b-3bd8-b772-6eb85ce9230d""",FF,2026-05-27,823626,79,2,R,R,1,0,94.5,called_strike,
823622_ab68_p1,c5f85590-9f63-3de1-b5c0-f8dec66966eb,"https://www.mlb.com/video/search?q=playid=""c5f85590-9f63-3de1-b5c0-f8dec66966eb""",FF,2026-05-30,823622,68,1,R,R,0,0,93.2,ball,
823622_ab70_p1,f86e7280-464a-3998-bde3-e2347f7309ae,"https://www.mlb.com/video/search?q=playid=""f86e7280-464a-3998-bde3-e2347f7309ae""",FF,2026-05-30,823622,70,1,R,R,0,0,93.6,called_strike,
823131_ab58_p4,4d33f373-e144-3f5f-bddf-db38c438d82b,"https://www.mlb.com/video/search?q=playid=""4d33f373-e144-3f5f-bddf-db38c438d82b""",FF,2026-06-01,823131,58,4,R,R,0,2,92.9,foul,
823131_ab58_p7,41f56053-acca-3b67-aecb-3c49c4fa74cf,"https://www.mlb.com/video/search?q=playid=""41f56053-acca-3b67-aecb-3c49c4fa74cf""",FF,2026-06-01,823131,58,7,R,R,0,2,93.8,ball,
823131_ab58_p8,1660e34b-9c6a-322e-b83f-0df06e98e457,"https://www.mlb.com/video/search?q=playid=""1660e34b-9c6a-322e-b83f-0df06e98e457""",FF,2026-06-01,823131,58,8,R,R,1,2,94.1,swinging_strike,
823131_ab59_p3,3662c67e-be16-3e21-b9df-08594ef3b763,"https://www.mlb.com/video/search?q=playid=""3662c67e-be16-3e21-b9df-08594ef3b763""",FF,2026-06-01,823131,59,3,R,R,2,0,93,ball,
823131_ab59_p4,269fc8df-32ac-3b4f-bf77-c08e57e5bbd5,"https://www.mlb.com/video/search?q=playid=""269fc8df-32ac-3b4f-bf77-c08e57e5bbd5""",FF,2026-06-01,823131,59,4,R,R,3,0,92.7,called_strike,
823131_ab59_p6,fd51f379-3d7a-3378-a3e5-a3b94d9ab706,"https://www.mlb.com/video/search?q=playid=""fd51f379-3d7a-3378-a3e5-a3b94d9ab706""",FF,2026-06-01,823131,59,6,R,R,3,2,93.1,hit_into_play,
823131_ab60_p2,3ea53c25-70d5-37d6-964c-c333120e349e,"https://www.mlb.com/video/search?q=playid=""3ea53c25-70d5-37d6-964c-c333120e349e""",FF,2026-06-01,823131,60,2,R,R,1,0,93.2,swinging_strike,
823131_ab60_p4,b0086680-bd49-3b71-a5ef-405aed7cdb67,"https://www.mlb.com/video/search?q=playid=""b0086680-bd49-3b71-a5ef-405aed7cdb67""",FF,2026-06-01,823131,60,4,R,R,1,2,92.9,swinging_strike,
823291_ab78_p1,e227b67c-af18-3abf-a3fc-674564db376d,"https://www.mlb.com/video/search?q=playid=""e227b67c-af18-3abf-a3fc-674564db376d""",FF,2026-06-07,823291,78,1,L,R,0,0,93.8,called_strike,
823291_ab78_p3,4fbd2b95-4355-3fb9-bdca-fd7ac5ed1685,"https://www.mlb.com/video/search?q=playid=""4fbd2b95-4355-3fb9-bdca-fd7ac5ed1685""",FF,2026-06-07,823291,78,3,L,R,0,2,93.4,hit_into_play,
823291_ab79_p1,c7ca7ded-e940-347f-96d1-3a6b7f3836a3,"https://www.mlb.com/video/search?q=playid=""c7ca7ded-e940-347f-96d1-3a6b7f3836a3""",FF,2026-06-07,823291,79,1,R,R,0,0,94,called_strike,
823291_ab79_p2,0b8344a5-7280-3fea-bc8f-79f4ef22c08f,"https://www.mlb.com/video/search?q=playid=""0b8344a5-7280-3fea-bc8f-79f4ef22c08f""",FF,2026-06-07,823291,79,2,R,R,0,1,94.8,called_strike,
823291_ab80_p1,d0ea6998-0f4a-3cfa-9a1b-9f86736a149a,"https://www.mlb.com/video/search?q=playid=""d0ea6998-0f4a-3cfa-9a1b-9f86736a149a""",FF,2026-06-07,823291,80,1,R,R,0,0,93.1,called_strike,
823291_ab80_p5,ceceb08d-923d-3369-a74e-a1bdf9b78305,"https://www.mlb.com/video/search?q=playid=""ceceb08d-923d-3369-a74e-a1bdf9b78305""",FF,2026-06-07,823291,80,5,R,R,3,1,93.5,ball,
823291_ab81_p2,b002d71e-907d-35dc-8221-194154d89854,"https://www.mlb.com/video/search?q=playid=""b002d71e-907d-35dc-8221-194154d89854""",FF,2026-06-07,823291,81,2,R,R,1,0,94.4,called_strike,
823291_ab81_p4,99f7f11c-6aed-3499-8bdd-9ace08942fa0,"https://www.mlb.com/video/search?q=playid=""99f7f11c-6aed-3499-8bdd-9ace08942fa0""",FF,2026-06-07,823291,81,4,R,R,2,1,92.4,hit_into_play,
823291_ab82_p1,486c1a8a-b763-318c-b92d-8a3b95d37472,"https://www.mlb.com/video/search?q=playid=""486c1a8a-b763-318c-b92d-8a3b95d37472""",FF,2026-06-07,823291,82,1,R,R,0,0,93.4,ball,
823619_ab68_p1,8ea6e271-c542-3dd0-a9e3-73b192210ace,"https://www.mlb.com/video/search?q=playid=""8ea6e271-c542-3dd0-a9e3-73b192210ace""",FF,2026-06-11,823619,68,1,L,R,0,0,92.3,ball,
823619_ab68_p2,e17b7dea-8ebd-373b-a170-c6f0df08e530,"https://www.mlb.com/video/search?q=playid=""e17b7dea-8ebd-373b-a170-c6f0df08e530""",FF,2026-06-11,823619,68,2,L,R,1,0,93.4,called_strike,
823619_ab69_p1,382c700b-e577-321d-98ab-3fa8ff202455,"https://www.mlb.com/video/search?q=playid=""382c700b-e577-321d-98ab-3fa8ff202455""",FF,2026-06-11,823619,69,1,L,R,0,0,93.2,ball,
823619_ab69_p2,b26c196d-3a9c-3de4-9d29-8be8d5424344,"https://www.mlb.com/video/search?q=playid=""b26c196d-3a9c-3de4-9d29-8be8d5424344""",FF,2026-06-11,823619,69,2,L,R,1,0,92.9,called_strike,
823619_ab69_p3,973122f6-0bd9-306f-93f8-3c0dadab1a24,"https://www.mlb.com/video/search?q=playid=""973122f6-0bd9-306f-93f8-3c0dadab1a24""",FF,2026-06-11,823619,69,3,L,R,1,1,94.2,swinging_strike,
823619_ab69_p4,97e4a13b-ffa5-31a6-9a67-083de8989b60,"https://www.mlb.com/video/search?q=playid=""97e4a13b-ffa5-31a6-9a67-083de8989b60""",FF,2026-06-11,823619,69,4,L,R,1,2,95.8,ball,
823619_ab69_p6,d144f26b-8441-3141-88e8-c7d59f47c475,"https://www.mlb.com/video/search?q=playid=""d144f26b-8441-3141-88e8-c7d59f47c475""",FF,2026-06-11,823619,69,6,L,R,2,2,94.8,foul,
823619_ab70_p2,69b06870-fc1d-37c7-8045-427c0af695ed,"https://www.mlb.com/video/search?q=playid=""69b06870-fc1d-37c7-8045-427c0af695ed""",FF,2026-06-11,823619,70,2,L,R,0,1,94.1,ball,
823619_ab70_p3,9ac82137-7074-35b0-952f-f2a7264f6638,"https://www.mlb.com/video/search?q=playid=""9ac82137-7074-35b0-952f-f2a7264f6638""",FF,2026-06-11,823619,70,3,L,R,1,1,94.8,foul,
823619_ab70_p4,6524f77c-4ecd-3c76-9d11-4955dae8ef9f,"https://www.mlb.com/video/search?q=playid=""6524f77c-4ecd-3c76-9d11-4955dae8ef9f""",FF,2026-06-11,823619,70,4,L,R,1,2,94.3,foul,
823617_ab65_p2,ff9e1b3a-9ca0-33e3-b80b-05ac44275489,"https://www.mlb.com/video/search?q=playid=""ff9e1b3a-9ca0-33e3-b80b-05ac44275489""",FF,2026-06-12,823617,65,2,R,R,0,1,92.8,ball,
823617_ab66_p1,24f5f55f-77d7-38a2-a1f1-fa3cdf7bf406,"https://www.mlb.com/video/search?q=playid=""24f5f55f-77d7-38a2-a1f1-fa3cdf7bf406""",FF,2026-06-12,823617,66,1,L,R,0,0,94.1,ball,
823617_ab66_p2,0a78580e-e4eb-3e6d-8cdb-dc43c731ea75,"https://www.mlb.com/video/search?q=playid=""0a78580e-e4eb-3e6d-8cdb-dc43c731ea75""",FF,2026-06-12,823617,66,2,L,R,1,0,93.1,called_strike,
823617_ab66_p3,76a6f953-c356-3da3-91d5-f0bf3a1aedfa,"https://www.mlb.com/video/search?q=playid=""76a6f953-c356-3da3-91d5-f0bf3a1aedfa""",FF,2026-06-12,823617,66,3,L,R,1,1,94,called_strike,
823617_ab66_p4,6a60993e-12ea-36fa-97bd-c5adec28179d,"https://www.mlb.com/video/search?q=playid=""6a60993e-12ea-36fa-97bd-c5adec28179d""",FF,2026-06-12,823617,66,4,L,R,1,2,94.2,ball,
823617_ab66_p5,7d79286c-ec53-3c1b-bcfe-9d0d839df3d3,"https://www.mlb.com/video/search?q=playid=""7d79286c-ec53-3c1b-bcfe-9d0d839df3d3""",FF,2026-06-12,823617,66,5,L,R,2,2,94.7,foul,
823617_ab71_p1,c6e59b0d-8ee7-3016-a38f-df06bd4671b1,"https://www.mlb.com/video/search?q=playid=""c6e59b0d-8ee7-3016-a38f-df06bd4671b1""",FF,2026-06-12,823617,71,1,R,R,0,0,93.2,hit_into_play,
823617_ab72_p1,608eff4b-d78c-30d2-9905-6a1d3a0609b3,"https://www.mlb.com/video/search?q=playid=""608eff4b-d78c-30d2-9905-6a1d3a0609b3""",FF,2026-06-12,823617,72,1,R,R,0,0,94.4,called_strike,
823617_ab72_p10,192f93c9-1fbb-3e76-8447-5671e59bb55f,"https://www.mlb.com/video/search?q=playid=""192f93c9-1fbb-3e76-8447-5671e59bb55f""",FF,2026-06-12,823617,72,10,R,R,2,2,94.5,foul,
823617_ab72_p11,047087a4-dfe7-3660-99db-d5862a9a6a72,"https://www.mlb.com/video/search?q=playid=""047087a4-dfe7-3660-99db-d5862a9a6a72""",FF,2026-06-12,823617,72,11,R,R,2,2,94,foul,
823617_ab72_p14,2004d444-9bdd-30d2-ae1d-4abb81dd51e6,"https://www.mlb.com/video/search?q=playid=""2004d444-9bdd-30d2-ae1d-4abb81dd51e6""",FF,2026-06-12,823617,72,14,R,R,2,2,92.7,hit_into_play,
823617_ab72_p6,20003616-a6d3-35bc-aff7-075c099e6935,"https://www.mlb.com/video/search?q=playid=""20003616-a6d3-35bc-aff7-075c099e6935""",FF,2026-06-12,823617,72,6,R,R,1,2,93.9,foul,
823617_ab72_p7,159f954b-7a8a-35fe-9d1f-11f78def0fd5,"https://www.mlb.com/video/search?q=playid=""159f954b-7a8a-35fe-9d1f-11f78def0fd5""",FF,2026-06-12,823617,72,7,R,R,1,2,93.5,ball,
823617_ab73_p1,fcc43d10-249d-3360-9134-2e4802a67059,"https://www.mlb.com/video/search?q=playid=""fcc43d10-249d-3360-9134-2e4802a67059""",FF,2026-06-12,823617,73,1,L,R,0,0,93.7,ball,
823617_ab73_p4,d8da85e4-40ba-3741-844d-77b68aadccc6,"https://www.mlb.com/video/search?q=playid=""d8da85e4-40ba-3741-844d-77b68aadccc6""",FF,2026-06-12,823617,73,4,L,R,1,2,94.1,swinging_strike,
823617_ab74_p1,ff0bcedd-e863-382a-b206-c22e51790cc7,"https://www.mlb.com/video/search?q=playid=""ff0bcedd-e863-382a-b206-c22e51790cc7""",FF,2026-06-12,823617,74,1,L,R,0,0,94.5,swinging_strike,
823617_ab74_p2,f9e2ebd6-f83f-321d-ba5e-2bc14fc6a762,"https://www.mlb.com/video/search?q=playid=""f9e2ebd6-f83f-321d-ba5e-2bc14fc6a762""",FF,2026-06-12,823617,74,2,L,R,0,1,94.3,swinging_strike,
823617_ab74_p3,46c9a6db-d2c1-38d7-82ec-190dadc95ac7,"https://www.mlb.com/video/search?q=playid=""46c9a6db-d2c1-38d7-82ec-190dadc95ac7""",FF,2026-06-12,823617,74,3,L,R,0,2,95.3,foul,
823448_ab74_p1,591d5cfb-0e13-3d4c-9dbf-5340b68f7005,"https://www.mlb.com/video/search?q=playid=""591d5cfb-0e13-3d4c-9dbf-5340b68f7005""",FF,2026-06-18,823448,74,1,R,R,0,0,94.5,called_strike,
823448_ab74_p2,97a6509f-b0c3-3c54-be8d-507a32453d27,"https://www.mlb.com/video/search?q=playid=""97a6509f-b0c3-3c54-be8d-507a32453d27""",FF,2026-06-18,823448,74,2,R,R,0,1,93.3,ball,
823448_ab75_p2,8c3fb2bb-4809-36df-8271-fcc6340d7a71,"https://www.mlb.com/video/search?q=playid=""8c3fb2bb-4809-36df-8271-fcc6340d7a71""",FF,2026-06-18,823448,75,2,L,R,1,0,95.4,called_strike,
823448_ab75_p3,79bb5921-d76e-304c-88ad-69bd6f120aa0,"https://www.mlb.com/video/search?q=playid=""79bb5921-d76e-304c-88ad-69bd6f120aa0""",FF,2026-06-18,823448,75,3,L,R,1,1,94.5,ball,
823448_ab75_p5,9bbbfab5-7702-3f57-aa7e-3cc6492acf2e,"https://www.mlb.com/video/search?q=playid=""9bbbfab5-7702-3f57-aa7e-3cc6492acf2e""",FF,2026-06-18,823448,75,5,L,R,3,1,95.3,foul,
823448_ab75_p6,a68af5d0-f02b-3b1a-80c3-7cfa7e1ea047,"https://www.mlb.com/video/search?q=playid=""a68af5d0-f02b-3b1a-80c3-7cfa7e1ea047""",FF,2026-06-18,823448,75,6,L,R,3,2,94.6,foul,
823448_ab75_p7,1f06de68-27ad-3d21-9f65-1272bc8a9394,"https://www.mlb.com/video/search?q=playid=""1f06de68-27ad-3d21-9f65-1272bc8a9394""",FF,2026-06-18,823448,75,7,L,R,3,2,94.7,ball,
823448_ab77_p1,d199f898-4327-3820-81e7-b517c8ae17b3,"https://www.mlb.com/video/search?q=playid=""d199f898-4327-3820-81e7-b517c8ae17b3""",FF,2026-06-18,823448,77,1,L,R,0,0,93.9,swinging_strike,
823448_ab77_p2,f16c3cbc-4434-3ad0-8b36-a4d2c53c08c5,"https://www.mlb.com/video/search?q=playid=""f16c3cbc-4434-3ad0-8b36-a4d2c53c08c5""",FF,2026-06-18,823448,77,2,L,R,0,1,94.4,called_strike,
823448_ab78_p1,90e901ce-4fd9-3baf-af32-5b841327c05b,"https://www.mlb.com/video/search?q=playid=""90e901ce-4fd9-3baf-af32-5b841327c05b""",FF,2026-06-18,823448,78,1,L,R,0,0,93.9,foul,
823448_ab79_p1,2c856eec-ca66-316e-8a9b-6c491ba1f4d2,"https://www.mlb.com/video/search?q=playid=""2c856eec-ca66-316e-8a9b-6c491ba1f4d2""",FF,2026-06-18,823448,79,1,L,R,0,0,95,called_strike,
823448_ab79_p2,1544e61d-5751-323f-ab9a-41692ec715bd,"https://www.mlb.com/video/search?q=playid=""1544e61d-5751-323f-ab9a-41692ec715bd""",FF,2026-06-18,823448,79,2,L,R,0,1,94.6,foul,
823448_ab79_p4,d22676e7-c43c-31d6-9610-a06b0b2d4a7a,"https://www.mlb.com/video/search?q=playid=""d22676e7-c43c-31d6-9610-a06b0b2d4a7a""",FF,2026-06-18,823448,79,4,L,R,1,2,94.7,ball,
823448_ab79_p5,c802b592-ebe3-38fb-ad29-ae6cbd53ff68,"https://www.mlb.com/video/search?q=playid=""c802b592-ebe3-38fb-ad29-ae6cbd53ff68""",FF,2026-06-18,823448,79,5,L,R,2,2,95.1,hit_into_play,
823611_ab73_p1,fb9308cf-6419-3eb1-9a4a-759bde16f2fe,"https://www.mlb.com/video/search?q=playid=""fb9308cf-6419-3eb1-9a4a-759bde16f2fe""",FF,2026-06-24,823611,73,1,R,R,0,0,94.1,ball,
823611_ab73_p2,3e638bec-35f7-3f1e-b3dc-e81f4ba04508,"https://www.mlb.com/video/search?q=playid=""3e638bec-35f7-3f1e-b3dc-e81f4ba04508""",FF,2026-06-24,823611,73,2,R,R,1,0,93.9,called_strike,
823611_ab73_p3,355f16a1-eb9a-3cc4-991e-d4703e78c3ad,"https://www.mlb.com/video/search?q=playid=""355f16a1-eb9a-3cc4-991e-d4703e78c3ad""",FF,2026-06-24,823611,73,3,R,R,1,1,94.4,foul,
823611_ab74_p4,cbeae076-2566-3352-a16d-5c2bd8af4527,"https://www.mlb.com/video/search?q=playid=""cbeae076-2566-3352-a16d-5c2bd8af4527""",FF,2026-06-24,823611,74,4,L,R,1,2,95.5,ball,
823611_ab75_p1,128dcdbd-cc21-3981-9f28-91d17ae41cd2,"https://www.mlb.com/video/search?q=playid=""128dcdbd-cc21-3981-9f28-91d17ae41cd2""",FF,2026-06-24,823611,75,1,R,R,0,0,94.1,ball,
823611_ab75_p3,105245ed-1df0-37a6-99bb-153b5aa8e3e1,"https://www.mlb.com/video/search?q=playid=""105245ed-1df0-37a6-99bb-153b5aa8e3e1""",FF,2026-06-24,823611,75,3,R,R,2,0,94.2,hit_into_play,
823611_ab76_p3,5c982e45-d4a1-32b3-833e-47494e1c4e48,"https://www.mlb.com/video/search?q=playid=""5c982e45-d4a1-32b3-833e-47494e1c4e48""",FF,2026-06-24,823611,76,3,R,R,0,2,94.4,hit_into_play,
823611_ab78_p1,1172376e-e62f-345d-ab94-2f9309f4dc6e,"https://www.mlb.com/video/search?q=playid=""1172376e-e62f-345d-ab94-2f9309f4dc6e""",FF,2026-06-24,823611,78,1,R,R,0,0,95.1,ball,
823611_ab78_p4,ed2f6745-8eb4-3b03-af10-30c8ae5e0180,"https://www.mlb.com/video/search?q=playid=""ed2f6745-8eb4-3b03-af10-30c8ae5e0180""",FF,2026-06-24,823611,78,4,R,R,2,1,94.6,hit_into_play,
823612_ab71_p1,326679ec-b295-32c9-bced-6c4e036ccd8f,"https://www.mlb.com/video/search?q=playid=""326679ec-b295-32c9-bced-6c4e036ccd8f""",FF,2026-06-25,823612,71,1,R,R,0,0,94.8,ball,
823612_ab71_p2,cd53d9e7-19bd-3638-85e9-83e4bb2c7754,"https://www.mlb.com/video/search?q=playid=""cd53d9e7-19bd-3638-85e9-83e4bb2c7754""",FF,2026-06-25,823612,71,2,R,R,1,0,93.3,ball,
823612_ab71_p3,fd1293db-8af3-385a-b061-fca3bcd8da4e,"https://www.mlb.com/video/search?q=playid=""fd1293db-8af3-385a-b061-fca3bcd8da4e""",FF,2026-06-25,823612,71,3,R,R,2,0,93.2,called_strike,
823612_ab71_p4,bad19475-28ac-3ede-b739-0dff5694aceb,"https://www.mlb.com/video/search?q=playid=""bad19475-28ac-3ede-b739-0dff5694aceb""",FF,2026-06-25,823612,71,4,R,R,2,1,94.2,ball,
823612_ab72_p1,9b07622d-adc7-349e-b3c6-50186201e78a,"https://www.mlb.com/video/search?q=playid=""9b07622d-adc7-349e-b3c6-50186201e78a""",FF,2026-06-25,823612,72,1,L,R,0,0,93.9,foul,
823609_ab68_p1,5b20c4dd-48a3-3ad2-99f5-a7162b5ba6bc,"https://www.mlb.com/video/search?q=playid=""5b20c4dd-48a3-3ad2-99f5-a7162b5ba6bc""",FF,2026-06-27,823609,68,1,L,R,0,0,93.4,foul,
823609_ab68_p3,7c63271b-1d63-3c36-bf7b-971d13e7dfde,"https://www.mlb.com/video/search?q=playid=""7c63271b-1d63-3c36-bf7b-971d13e7dfde""",FF,2026-06-27,823609,68,3,L,R,0,2,94.7,hit_into_play,
823609_ab69_p2,07d73b4b-d3eb-3315-a141-b34b6c753d7e,"https://www.mlb.com/video/search?q=playid=""07d73b4b-d3eb-3315-a141-b34b6c753d7e""",FF,2026-06-27,823609,69,2,L,R,1,0,93,called_strike,
823609_ab69_p4,4b46566a-a255-30ee-ad9e-8f5357fd70a7,"https://www.mlb.com/video/search?q=playid=""4b46566a-a255-30ee-ad9e-8f5357fd70a7""",FF,2026-06-27,823609,69,4,L,R,2,1,93.5,foul,
823609_ab69_p5,7a44ab07-a108-38be-88ba-4bf1aad3ac2a,"https://www.mlb.com/video/search?q=playid=""7a44ab07-a108-38be-88ba-4bf1aad3ac2a""",FF,2026-06-27,823609,69,5,L,R,2,2,93.9,ball,
823609_ab70_p1,795a9485-d900-3c0f-b827-d78f80d2409a,"https://www.mlb.com/video/search?q=playid=""795a9485-d900-3c0f-b827-d78f80d2409a""",FF,2026-06-27,823609,70,1,R,R,0,0,93.5,ball,
822793_ab69_p1,7e90d171-5269-3d82-b45a-47d0cd0ac380,"https://www.mlb.com/video/search?q=playid=""7e90d171-5269-3d82-b45a-47d0cd0ac380""",FF,2026-06-30,822793,69,1,R,R,0,0,93.5,called_strike,
822793_ab70_p2,030b450b-fa7c-3511-9769-353f92a57cd9,"https://www.mlb.com/video/search?q=playid=""030b450b-fa7c-3511-9769-353f92a57cd9""",FF,2026-06-30,822793,70,2,L,R,0,1,93.9,hit_into_play,
822793_ab71_p1,8b55e4d3-bba5-3911-99ac-7d9c112e48b5,"https://www.mlb.com/video/search?q=playid=""8b55e4d3-bba5-3911-99ac-7d9c112e48b5""",FF,2026-06-30,822793,71,1,R,R,0,0,94.7,foul,
822793_ab71_p2,e08ce9cd-13d0-3445-83d5-9c23134a3938,"https://www.mlb.com/video/search?q=playid=""e08ce9cd-13d0-3445-83d5-9c23134a3938""",FF,2026-06-30,822793,71,2,R,R,0,1,94.8,called_strike,
822793_ab71_p3,f3ae6f7e-247c-366b-b714-16f2bb9c2438,"https://www.mlb.com/video/search?q=playid=""f3ae6f7e-247c-366b-b714-16f2bb9c2438""",FF,2026-06-30,822793,71,3,R,R,0,2,95.7,ball,
822793_ab71_p7,b8d78aab-c5ed-3d03-b0e0-d2a7c7e7ef06,"https://www.mlb.com/video/search?q=playid=""b8d78aab-c5ed-3d03-b0e0-d2a7c7e7ef06""",FF,2026-06-30,822793,71,7,R,R,1,2,95.4,hit_into_play,
822793_ab72_p1,617e3537-99d3-3f6f-ba5b-2217526b6006,"https://www.mlb.com/video/search?q=playid=""617e3537-99d3-3f6f-ba5b-2217526b6006""",FF,2026-06-30,822793,72,1,R,R,0,0,94.8,ball,
822793_ab72_p2,47fe8e12-2638-315d-bfce-3daf6668f5eb,"https://www.mlb.com/video/search?q=playid=""47fe8e12-2638-315d-bfce-3daf6668f5eb""",FF,2026-06-30,822793,72,2,R,R,1,0,94.6,ball,
822793_ab72_p5,606a4bdb-aaea-3f00-af46-6667dcdfedf9,"https://www.mlb.com/video/search?q=playid=""606a4bdb-aaea-3f00-af46-6667dcdfedf9""",FF,2026-06-30,822793,72,5,R,R,3,1,94.2,called_strike,
824902_ab79_p1,561e4835-86a3-3e4f-9541-4729a035d3fa,"https://www.mlb.com/video/search?q=playid=""561e4835-86a3-3e4f-9541-4729a035d3fa""",FF,2026-07-05,824902,79,1,L,R,0,0,92.2,called_strike,
824902_ab79_p4,b6cba707-1cc0-329a-989f-82d271d82318,"https://www.mlb.com/video/search?q=playid=""b6cba707-1cc0-329a-989f-82d271d82318""",FF,2026-07-05,824902,79,4,L,R,0,2,93.5,foul,
824902_ab79_p5,cb887133-8863-36fa-a05c-239d3c92564c,"https://www.mlb.com/video/search?q=playid=""cb887133-8863-36fa-a05c-239d3c92564c""",FF,2026-07-05,824902,79,5,L,R,0,2,94.5,foul,
824902_ab79_p7,c7f3774c-1d76-398d-bf0f-ccb71aacc296,"https://www.mlb.com/video/search?q=playid=""c7f3774c-1d76-398d-bf0f-ccb71aacc296""",FF,2026-07-05,824902,79,7,L,R,0,2,95,ball,
824902_ab79_p8,67253b4b-153b-3342-a867-cc2a8cfc28c8,"https://www.mlb.com/video/search?q=playid=""67253b4b-153b-3342-a867-cc2a8cfc28c8""",FF,2026-07-05,824902,79,8,L,R,1,2,95.3,swinging_strike,
824902_ab82_p1,af261180-fcea-3bc9-9007-005b98420598,"https://www.mlb.com/video/search?q=playid=""af261180-fcea-3bc9-9007-005b98420598""",FF,2026-07-05,824902,82,1,R,R,0,0,94.1,ball,
824902_ab83_p1,44bccbd2-c6d5-39f8-a00f-364b1d93d19c,"https://www.mlb.com/video/search?q=playid=""44bccbd2-c6d5-39f8-a00f-364b1d93d19c""",FF,2026-07-05,824902,83,1,L,R,0,0,94.9,ball,
824902_ab83_p3,0e01e3ef-48e3-3f6c-b617-f9cc4fffc460,"https://www.mlb.com/video/search?q=playid=""0e01e3ef-48e3-3f6c-b617-f9cc4fffc460""",FF,2026-07-05,824902,83,3,L,R,2,0,93.8,called_strike,
824902_ab83_p4,78cc6567-f04c-3075-8596-45205eaa77e2,"https://www.mlb.com/video/search?q=playid=""78cc6567-f04c-3075-8596-45205eaa77e2""",FF,2026-07-05,824902,83,4,L,R,2,1,95.2,swinging_strike,
824900_ab77_p1,d875e91a-857c-3093-b820-5800cfe4d23c,"https://www.mlb.com/video/search?q=playid=""d875e91a-857c-3093-b820-5800cfe4d23c""",FF,2026-07-06,824900,77,1,L,R,0,0,95.1,ball,
824900_ab77_p2,3a8f4018-715d-33a7-b45f-8003fc96d1c5,"https://www.mlb.com/video/search?q=playid=""3a8f4018-715d-33a7-b45f-8003fc96d1c5""",FF,2026-07-06,824900,77,2,L,R,1,0,94.4,swinging_strike,
824900_ab77_p3,148b0c5e-aa4a-386d-b18f-e5fb0a7e3b30,"https://www.mlb.com/video/search?q=playid=""148b0c5e-aa4a-386d-b18f-e5fb0a7e3b30""",FF,2026-07-06,824900,77,3,L,R,1,1,94.8,foul,
824900_ab77_p4,2b25ab72-5760-3c03-9bf6-705e0efe8957,"https://www.mlb.com/video/search?q=playid=""2b25ab72-5760-3c03-9bf6-705e0efe8957""",FF,2026-07-06,824900,77,4,L,R,1,2,95,ball,
824900_ab78_p2,d7136775-351f-37ed-9620-6c97734d3618,"https://www.mlb.com/video/search?q=playid=""d7136775-351f-37ed-9620-6c97734d3618""",FF,2026-07-06,824900,78,2,L,R,1,0,94.5,ball,
824900_ab78_p3,1c9aad93-9c04-351e-850f-83acd10a44fc,"https://www.mlb.com/video/search?q=playid=""1c9aad93-9c04-351e-850f-83acd10a44fc""",FF,2026-07-06,824900,78,3,L,R,2,0,94.7,called_strike,
824900_ab78_p4,015a45cd-8317-3a0f-b973-9f2e4233fd12,"https://www.mlb.com/video/search?q=playid=""015a45cd-8317-3a0f-b973-9f2e4233fd12""",FF,2026-07-06,824900,78,4,L,R,2,1,96.5,ball,
824900_ab78_p5,1632ca7c-8b81-337e-a19b-63f2d6bc24a1,"https://www.mlb.com/video/search?q=playid=""1632ca7c-8b81-337e-a19b-63f2d6bc24a1""",FF,2026-07-06,824900,78,5,L,R,3,1,94.7,hit_into_play,
824900_ab79_p2,3af528d4-9e61-3e4d-a0cd-5e192b4f0263,"https://www.mlb.com/video/search?q=playid=""3af528d4-9e61-3e4d-a0cd-5e192b4f0263""",FF,2026-07-06,824900,79,2,L,R,0,1,94.1,ball,
824900_ab79_p3,bbe354d8-5de2-329e-9164-0ec2aa0d709a,"https://www.mlb.com/video/search?q=playid=""bbe354d8-5de2-329e-9164-0ec2aa0d709a""",FF,2026-07-06,824900,79,3,L,R,1,1,94.3,ball,
824900_ab79_p5,454dbee9-3b08-305b-8906-9c79ffa630e7,"https://www.mlb.com/video/search?q=playid=""454dbee9-3b08-305b-8906-9c79ffa630e7""",FF,2026-07-06,824900,79,5,L,R,2,2,95.5,foul,
824900_ab79_p6,f23aa80b-2b80-39f8-a3ef-10a1636746a5,"https://www.mlb.com/video/search?q=playid=""f23aa80b-2b80-39f8-a3ef-10a1636746a5""",FF,2026-07-06,824900,79,6,L,R,2,2,96.8,hit_into_play,
824900_ab80_p1,e2e4cb48-34bc-3397-a88b-a52c0a1bc7c1,"https://www.mlb.com/video/search?q=playid=""e2e4cb48-34bc-3397-a88b-a52c0a1bc7c1""",FF,2026-07-06,824900,80,1,R,R,0,0,93.8,swinging_strike,
824900_ab80_p2,fbf5568e-2b6a-362b-9a03-fa4e1790a95b,"https://www.mlb.com/video/search?q=playid=""fbf5568e-2b6a-362b-9a03-fa4e1790a95b""",FF,2026-07-06,824900,80,2,R,R,0,1,94.1,foul,
824900_ab81_p3,ac308588-ff60-33fe-8490-a920c2561c5b,"https://www.mlb.com/video/search?q=playid=""ac308588-ff60-33fe-8490-a920c2561c5b""",FF,2026-07-06,824900,81,3,R,R,1,1,95.7,swinging_strike,
824900_ab81_p4,5904eb57-48ac-3b3a-a057-4cfe02d15de5,"https://www.mlb.com/video/search?q=playid=""5904eb57-48ac-3b3a-a057-4cfe02d15de5""",FF,2026-07-06,824900,81,4,R,R,1,2,94.5,ball,
824900_ab82_p2,a8da90dd-bbcf-36b7-997d-398efe113205,"https://www.mlb.com/video/search?q=playid=""a8da90dd-bbcf-36b7-997d-398efe113205""",FF,2026-07-06,824900,82,2,R,R,1,0,95.2,foul,
823606_ab69_p1,f55011f6-e032-3cae-a7af-3d645ffb75d5,"https://www.mlb.com/video/search?q=playid=""f55011f6-e032-3cae-a7af-3d645ffb75d5""",FF,2026-07-09,823606,69,1,R,R,0,0,92.6,called_strike,
823606_ab69_p2,6843a164-96ad-3ac2-a3c3-233eab081291,"https://www.mlb.com/video/search?q=playid=""6843a164-96ad-3ac2-a3c3-233eab081291""",FF,2026-07-09,823606,69,2,R,R,0,1,92.5,hit_into_play,
823606_ab70_p2,8c9f16df-a2b4-3c26-92ec-df0374b8400e,"https://www.mlb.com/video/search?q=playid=""8c9f16df-a2b4-3c26-92ec-df0374b8400e""",FF,2026-07-09,823606,70,2,L,R,0,1,94.6,called_strike,
823606_ab70_p3,0d7eead6-6e93-3415-9ca8-658d3ab6382a,"https://www.mlb.com/video/search?q=playid=""0d7eead6-6e93-3415-9ca8-658d3ab6382a""",FF,2026-07-09,823606,70,3,L,R,0,2,95.1,foul,
823606_ab71_p2,2e0580f4-179d-330d-a875-c89f2da0cc9b,"https://www.mlb.com/video/search?q=playid=""2e0580f4-179d-330d-a875-c89f2da0cc9b""",FF,2026-07-09,823606,71,2,R,R,1,0,92.5,foul,
823606_ab71_p5,5fde5132-cd0a-317e-b1a6-96099873f238,"https://www.mlb.com/video/search?q=playid=""5fde5132-cd0a-317e-b1a6-96099873f238""",FF,2026-07-09,823606,71,5,R,R,2,2,94.1,hit_into_play,
823606_ab72_p2,bd780c0e-52b1-3d8e-81b0-242ff52054b2,"https://www.mlb.com/video/search?q=playid=""bd780c0e-52b1-3d8e-81b0-242ff52054b2""",FF,2026-07-09,823606,72,2,L,R,1,0,93.7,foul,
823606_ab72_p3,454561cd-7fa2-3e35-bfc2-b29fea2aa686,"https://www.mlb.com/video/search?q=playid=""454561cd-7fa2-3e35-bfc2-b29fea2aa686""",FF,2026-07-09,823606,72,3,L,R,1,1,92.7,ball,
823606_ab72_p5,a1e777e1-bdc8-310f-8502-484c9a018417,"https://www.mlb.com/video/search?q=playid=""a1e777e1-bdc8-310f-8502-484c9a018417""",FF,2026-07-09,823606,72,5,L,R,3,1,93.2,hit_into_play,
823602_ab58_p1,ac6818b0-bdba-3643-ad5b-27bd28e2a84c,"https://www.mlb.com/video/search?q=playid=""ac6818b0-bdba-3643-ad5b-27bd28e2a84c""",FF,2026-07-12,823602,58,1,R,R,0,0,94.3,ball,
823602_ab58_p2,8cd219d4-6d91-39f5-8c35-dfab39ce5aa5,"https://www.mlb.com/video/search?q=playid=""8cd219d4-6d91-39f5-8c35-dfab39ce5aa5""",FF,2026-07-12,823602,58,2,R,R,1,0,93.2,called_strike,
823602_ab60_p1,ff47a98c-1aee-38fa-b71b-70ff0091b1b2,"https://www.mlb.com/video/search?q=playid=""ff47a98c-1aee-38fa-b71b-70ff0091b1b2""",FF,2026-07-12,823602,60,1,R,R,0,0,94.1,hit_into_play,
823602_ab61_p1,9b367002-779e-3d20-935b-3805fe4812d2,"https://www.mlb.com/video/search?q=playid=""9b367002-779e-3d20-935b-3805fe4812d2""",FF,2026-07-12,823602,61,1,R,R,0,0,93.3,ball,
823602_ab61_p2,911de65c-937a-3fba-be52-059c1fb9a074,"https://www.mlb.com/video/search?q=playid=""911de65c-937a-3fba-be52-059c1fb9a074""",FF,2026-07-12,823602,61,2,R,R,1,0,94.4,foul,
823602_ab61_p3,1a8ca527-f1a7-3ada-b84a-2eac9c1a585a,"https://www.mlb.com/video/search?q=playid=""1a8ca527-f1a7-3ada-b84a-2eac9c1a585a""",FF,2026-07-12,823602,61,3,R,R,1,1,92.5,called_strike,
823602_ab61_p4,2fe8d384-940b-3575-81e3-3542e9649d78,"https://www.mlb.com/video/search?q=playid=""2fe8d384-940b-3575-81e3-3542e9649d78""",FF,2026-07-12,823602,61,4,R,R,1,2,94.4,foul,
823602_ab61_p7,c860ad0e-2a3f-3045-bff6-094485efdab6,"https://www.mlb.com/video/search?q=playid=""c860ad0e-2a3f-3045-bff6-094485efdab6""",FF,2026-07-12,823602,61,7,R,R,3,2,94.7,ball,
823602_ab62_p2,2899005c-0fb5-371c-a8c2-28e494dbbd49,"https://www.mlb.com/video/search?q=playid=""2899005c-0fb5-371c-a8c2-28e494dbbd49""",FF,2026-07-12,823602,62,2,R,R,0,1,96.2,ball,
823602_ab62_p4,f329018e-1ca4-33e5-b4a6-d60ad6207b25,"https://www.mlb.com/video/search?q=playid=""f329018e-1ca4-33e5-b4a6-d60ad6207b25""",FF,2026-07-12,823602,62,4,R,R,2,1,94.9,ball,
823602_ab62_p5,948f5a40-e649-3d88-9e9b-f2cd34837f50,"https://www.mlb.com/video/search?q=playid=""948f5a40-e649-3d88-9e9b-f2cd34837f50""",FF,2026-07-12,823602,62,5,R,R,3,1,95.5,called_strike,
823602_ab62_p6,c6e30769-7322-383f-ba3d-606f554a8238,"https://www.mlb.com/video/search?q=playid=""c6e30769-7322-383f-ba3d-606f554a8238""",FF,2026-07-12,823602,62,6,R,R,3,2,95.1,ball,
823602_ab64_p1,805f937b-dd02-341c-8c5f-7c26e83ef7ca,"https://www.mlb.com/video/search?q=playid=""805f937b-dd02-341c-8c5f-7c26e83ef7ca""",FF,2026-07-12,823602,64,1,L,R,0,0,94.5,ball,
823602_ab64_p2,08ebffc1-d616-30c9-b062-d000dca2bb80,"https://www.mlb.com/video/search?q=playid=""08ebffc1-d616-30c9-b062-d000dca2bb80""",FF,2026-07-12,823602,64,2,L,R,1,0,93.8,hit_into_play,
